{"geographicArea":"Europe","geographicAreaDisplayName":"Europe","locationList":[{"location":"Andorra","locationDisplayName":"Andorra"},{"location":"Tirane","locationDisplayName":"Tirane"},{"location":"Vienna","locationDisplayName":"Vienna"},{"location":"Brussels","locationDisplayName":"Brussels"},{"location":"Sofia","locationDisplayName":"Sofia"},{"location":"Minsk","locationDisplayName":"Minsk"},{"location":"Zurich","locationDisplayName":"Zurich"},{"location":"Prague","locationDisplayName":"Prague"},{"location":"Berlin","locationDisplayName":"Berlin"},{"location":"Copenhagen","locationDisplayName":"Copenhagen"},{"location":"Tallinn","locationDisplayName":"Tallinn"},{"location":"Madrid","locationDisplayName":"Madrid"},{"location":"Helsinki","locationDisplayName":"Helsinki"},{"location":"Paris","locationDisplayName":"Paris"},{"location":"London","locationDisplayName":"London"},{"location":"Gibraltar","locationDisplayName":"Gibraltar"},{"location":"Athens","locationDisplayName":"Athens"},{"location":"Budapest","locationDisplayName":"Budapest"},{"location":"Dublin","locationDisplayName":"Dublin"},{"location":"Rome","locationDisplayName":"Rome"},{"location":"Vilnius","locationDisplayName":"Vilnius"},{"location":"Luxembourg","locationDisplayName":"Luxembourg"},{"location":"Riga","locationDisplayName":"Riga"},{"location":"Monaco","locationDisplayName":"Monaco"},{"location":"Chisinau","locationDisplayName":"Chisinau"},{"location":"Malta","locationDisplayName":"Malta"},{"location":"Amsterdam","locationDisplayName":"Amsterdam"},{"location":"Oslo","locationDisplayName":"Oslo"},{"location":"Warsaw","locationDisplayName":"Warsaw"},{"location":"Lisbon","locationDisplayName":"Lisbon"},{"location":"Bucharest","locationDisplayName":"Bucharest"},{"location":"Belgrade","locationDisplayName":"Belgrade"},{"location":"Kaliningrad","locationDisplayName":"Kaliningrad"},{"location":"Moscow","locationDisplayName":"Moscow"},{"location":"Simferopol","locationDisplayName":"Simferopol"},{"location":"Kirov","locationDisplayName":"Kirov"},{"location":"Astrakhan","locationDisplayName":"Astrakhan"},{"location":"Volgograd","locationDisplayName":"Volgograd"},{"location":"Saratov","locationDisplayName":"Saratov"},{"location":"Ulyanovsk","locationDisplayName":"Ulyanovsk"},{"location":"Samara","locationDisplayName":"Samara"},{"location":"Stockholm","locationDisplayName":"Stockholm"},{"location":"Istanbul","locationDisplayName":"Istanbul"},{"location":"Kiev","locationDisplayName":"Kiev"},{"location":"Uzhgorod","locationDisplayName":"Uzhgorod"},{"location":"Zaporozhye","locationDisplayName":"Zaporozhye"}]}